entry_time,exit_time,entry_price,exit_price,qty,fee_paid,pnl_usdt,return_pct,bars_held
2024-01-04T22:00:00Z,2024-01-05T19:00:00Z,44430.86000000,43610.08000000,0.2249788008,7.92293804,-192.58103812,-1.9258,21
2024-01-05T21:00:00Z,2024-01-08T04:00:00Z,43955.07000000,43518.20000000,0.2230345114,7.80382322,-105.24091023,-1.0731,55
2024-01-08T12:00:00Z,2024-01-10T14:00:00Z,44636.00000000,45118.00000000,0.2172752651,7.80052966,96.92614811,0.9990,50
2024-01-10T19:00:00Z,2024-01-12T10:00:00Z,46527.32000000,45925.93000000,0.2105254746,7.78550573,-134.39342091,-1.3715,39
2024-01-16T16:00:00Z,2024-01-17T10:00:00Z,43252.45000000,42678.56000000,0.2233595193,7.67740363,-135.86119816,-1.4057,18
2024-01-21T14:00:00Z,2024-01-22T00:00:00Z,41859.52000000,41580.32000000,0.2275477493,7.59461912,-71.12595074,-0.7464,10
2024-01-25T11:00:00Z,2024-01-25T14:00:00Z,40116.00000000,39913.84000000,0.2356651225,7.54409682,-55.18615798,-0.5835,3
2024-01-25T15:00:00Z,2024-01-25T16:00:00Z,40012.93000000,39804.23000000,0.2348935197,7.49941346,-56.52169102,-0.6011,1
2024-01-26T05:00:00Z,2024-02-01T00:00:00Z,40149.25000000,42580.00000000,0.2326887518,7.70006637,557.90811714,5.9695,139
2024-02-02T00:00:00Z,2024-02-04T07:00:00Z,43082.95000000,42746.13000000,0.2297884410,7.88901219,-85.28635488,-0.8611,55
2024-02-05T13:00:00Z,2024-02-05T19:00:00Z,43255.35000000,42730.89000000,0.2269016817,7.80416898,-126.80502498,-1.2915,6
2024-02-06T16:00:00Z,2024-02-17T15:00:00Z,43244.89000000,50841.09000000,0.2240254822,8.43106282,1693.31130514,17.4715,263
2024-02-18T12:00:00Z,2024-02-18T13:00:00Z,51832.01000000,51554.06000000,0.2195668581,9.08006183,-70.10867005,-0.6158,1
2024-02-18T15:00:00Z,2024-02-20T04:00:00Z,51882.00000000,51580.23000000,0.2180045285,9.02209387,-74.80932044,-0.6611,37
2024-02-20T12:00:00Z,2024-02-20T18:00:00Z,52286.80000000,51325.00000000,0.2148865783,8.90591407,-215.58382504,-1.9180,6
2024-02-20T23:00:00Z,2024-02-21T08:00:00Z,52168.65000000,51568.64000000,0.2112424591,8.76548810,-135.51307598,-1.2292,9
2024-02-24T21:00:00Z,2024-02-26T11:00:00Z,51511.54000000,51170.58000000,0.2113075055,8.67900105,-80.72640813,-0.7413,38
2024-02-26T16:00:00Z,2024-03-05T23:00:00Z,52842.33000000,63397.99000000,0.2044588286,9.50654386,2148.69133465,19.8798,199
2024-03-06T09:00:00Z,2024-03-14T19:00:00Z,66941.22000000,70098.49000000,0.1934818800,10.60588029,600.26865489,4.6327,202
2024-03-18T07:00:00Z,2024-03-18T15:00:00Z,68481.09000000,66996.68000000,0.1978931956,10.72405153,-304.47868998,-2.2459,8
2024-03-20T23:00:00Z,2024-03-22T12:00:00Z,67681.94000000,64233.90000000,0.1957329354,10.32810984,-685.22310039,-5.1704,37
2024-03-23T21:00:00Z,2024-03-24T00:00:00Z,65009.79000000,63990.02000000,0.1932422127,9.97128349,-207.03389476,-1.6474,3
2024-03-24T12:00:00Z,2024-03-29T17:00:00Z,65334.00000000,69176.46000000,0.1891156910,10.17521543,716.49426252,5.7966,125
2024-03-30T17:00:00Z,2024-03-30T20:00:00Z,70178.17000000,69896.34000000,0.1862672158,10.43651559,-62.93220501,-0.4812,3
2024-03-31T07:00:00Z,2024-04-01T10:00:00Z,70215.00000000,69395.00000000,0.1852735924,10.34641849,-162.27076428,-1.2469,27
2024-04-04T17:00:00Z,2024-04-09T18:00:00Z,67807.65000000,68823.99000000,0.1894591452,10.35444549,182.20046218,1.4177,121
2024-04-11T02:00:00Z,2024-04-12T17:00:00Z,70553.28000000,68840.54000000,0.1846676302,10.29661056,-326.58424752,-2.5056,39
2024-04-18T21:00:00Z,2024-04-19T03:00:00Z,63490.99000000,61359.57000000,0.2000670230,9.99139194,-436.41824604,-3.4343,6
2024-04-19T07:00:00Z,2024-04-24T17:00:00Z,64624.37000000,64797.99000000,0.1898078017,9.82614946,23.12828107,0.1885,130
2024-04-30T02:00:00Z,2024-04-30T09:00:00Z,63606.01000000,61919.32000000,0.1932101800,9.70110864,-335.58678710,-2.7296,7
2024-05-03T06:00:00Z,2024-05-07T20:00:00Z,59522.68000000,63060.00000000,0.2008289283,9.84725930,700.54892533,5.8581,110
2024-05-10T02:00:00Z,2024-05-10T17:00:00Z,62883.50000000,61071.55000000,0.2012315608,9.97746727,-374.59899380,-2.9591,15
2024-05-13T01:00:00Z,2024-05-13T03:00:00Z,61512.90000000,61044.26000000,0.1996279746,9.78633505,-103.33998905,-0.8412,2
2024-05-13T08:00:00Z,2024-05-14T17:00:00Z,62334.36000000,61427.54000000,0.1953400495,9.67026227,-186.80852595,-1.5336,33
2024-05-15T10:00:00Z,2024-05-20T00:00:00Z,62649.98000000,66274.00000000,0.1913753705,9.86914978,683.67902048,5.7000,110
2024-05-20T05:00:00Z,2024-05-23T14:00:00Z,67132.44000000,68036.14000000,0.1887771217,10.20669419,160.39119066,1.2651,81
2024-05-25T06:00:00Z,2024-05-27T00:00:00Z,68718.21000000,68507.67000000,0.1867539311,10.25098901,-49.57016166,-0.3861,42
2024-05-27T03:00:00Z,2024-05-27T06:00:00Z,69111.34000000,68524.60000000,0.1849746440,10.18366360,-118.71568621,-0.9283,3
2024-05-27T16:00:00Z,2024-05-28T05:00:00Z,70373.86000000,67797.28000000,0.1799699106,9.94665909,-473.65353134,-3.7383,13
2024-05-30T18:00:00Z,2024-05-31T15:00:00Z,69315.10000000,67501.76000000,0.1758882718,9.62579242,-328.57103117,-2.6940,21
2024-06-02T15:00:00Z,2024-06-07T19:00:00Z,68252.51000000,69154.44000000,0.1738144647,9.55332619,147.21515398,1.2404,124
2024-06-10T18:00:00Z,2024-06-10T23:00:00Z,70043.01000000,69495.99000000,0.1714722109,9.57082434,-103.36955315,-0.8603,5
2024-06-12T16:00:00Z,2024-06-13T04:00:00Z,69734.00000000,67474.95000000,0.1707503020,9.37138786,-395.10485765,-3.3169,12
2024-06-16T19:00:00Z,2024-06-17T06:00:00Z,66590.01000000,66351.62000000,0.1728811076,9.19323850,-50.40636573,-0.4377,11
2024-06-20T11:00:00Z,2024-06-20T17:00:00Z,66209.49000000,64887.99000000,0.1731136801,9.07790689,-237.84763514,-2.0743,6
2024-06-27T21:00:00Z,2024-06-28T15:00:00Z,61493.11000000,60928.01000000,0.1825247729,8.93795485,-112.08270401,-0.9982,18
2024-06-30T10:00:00Z,2024-07-02T20:00:00Z,61529.70000000,61939.10000000,0.1805953555,8.91915673,65.01658183,0.5849,58
2024-07-06T21:00:00Z,2024-07-07T19:00:00Z,57971.99000000,57172.01000000,0.1927994646,8.87988062,-163.11559631,-1.4588,22
2024-07-09T06:00:00Z,2024-07-11T23:00:00Z,57291.48000000,57338.58000000,0.1922435632,8.81475647,0.23991535,0.0022,65
2024-07-12T19:00:00Z,2024-07-18T19:00:00Z,58296.90000000,63520.01000000,0.1889321401,9.20605180,977.60729839,8.8724,144
2024-07-19T15:00:00Z,2024-07-23T09:00:00Z,65747.04000000,66888.00000000,0.1823865301,9.67633789,198.41939748,1.6540,90
2024-07-26T04:00:00Z,2024-07-29T22:00:00Z,67042.00000000,67499.99000000,0.1818220601,9.78508071,73.48760457,0.6026,90
2024-08-07T04:00:00Z,2024-08-07T20:00:00Z,56862.01000000,54760.97000000,0.2156654816,9.62928950,-462.75109297,-3.7720,16
2024-08-08T06:00:00Z,2024-08-11T21:00:00Z,56955.62000000,58504.91000000,0.2071895048,9.56888402,311.42774393,2.6380,87
2024-08-13T18:00:00Z,2024-08-14T20:00:00Z,61167.58000000,58891.13000000,0.1980119195,9.50922225,-460.27345643,-3.7987,26
2024-08-17T00:00:00Z,2024-08-19T02:00:00Z,58874.59000000,58564.00000000,0.1979091575,9.29686896,-70.76547420,-0.6071,50
2024-08-20T01:00:00Z,2024-08-21T02:00:00Z,60482.77000000,59281.57000000,0.1914773964,9.17286560,-239.17551418,-2.0644,25
2024-08-21T17:00:00Z,2024-08-26T21:00:00Z,59885.58000000,63417.00000000,0.1893945662,9.34113546,659.49062350,5.8123,124
2024-09-02T23:00:00Z,2024-09-03T17:00:00Z,59349.99000000,57707.99000000,0.2022111609,9.46817201,-341.49889824,-2.8444,18
2024-09-09T05:00:00Z,2024-09-16T02:00:00Z,54849.65000000,58607.07000000,0.2125787134,9.64739342,789.10011572,6.7650,165
2024-09-17T16:00:00Z,2024-09-22T15:00:00Z,61135.49000000,62668.00000000,0.2036239936,10.08374442,301.97206207,2.4248,119
2024-09-22T20:00:00Z,2024-09-25T22:00:00Z,63160.00000000,63438.00000000,0.2018762500,10.22285180,45.89874570,0.3598,74
2024-09-26T11:00:00Z,2024-09-30T03:00:00Z,64391.99000000,64376.01000000,0.1987263376,10.23583721,-13.41148409,-0.1048,88
2024-10-04T17:00:00Z,2024-10-08T10:00:00Z,62243.99000000,62537.37000000,0.2053688753,10.25048302,50.00063761,0.3910,89
2024-10-11T17:00:00Z,2024-10-21T15:00:00Z,62272.01000000,67268.00000000,0.2060790854,10.67819471,1018.89085507,7.9365,238
2024-10-24T14:00:00Z,2024-10-25T23:00:00Z,67906.00000000,66626.43000000,0.2039796532,10.97675136,-271.98299616,-1.9628,33
2024-10-27T15:00:00Z,2024-10-31T19:00:00Z,67696.00000000,70633.67000000,0.2005963141,11.09936877,578.18640534,4.2561,100
2024-11-05T15:00:00Z,2024-11-15T05:00:00Z,69964.01000000,87454.58000000,0.2023543720,12.74173597,3526.55157182,24.8994,230
2024-11-15T12:00:00Z,2024-11-17T22:00:00Z,89741.24000000,89137.97000000,0.1970405671,14.09858439,-132.96724729,-0.7517,58
2024-11-18T07:00:00Z,2024-11-24T13:00:00Z,92061.84000000,96899.99000000,0.1906300237,14.40871925,907.88792974,5.1712,150
2024-11-25T10:00:00Z,2024-11-25T15:00:00Z,98492.95000000,95385.50000000,0.1873969219,14.53288990,-596.85945482,-3.2324,5
2024-11-27T19:00:00Z,2024-12-02T09:00:00Z,96119.51000000,95053.66000000,0.1858171650,14.20930259,-212.26252792,-1.1880,110
2024-12-04T08:00:00Z,2024-12-04T17:00:00Z,96588.81000000,94847.81000000,0.1827176170,13.99153721,-332.10290844,-1.8810,9
2024-12-04T20:00:00Z,2024-12-06T10:00:00Z,97209.64000000,98000.00000000,0.1781356980,13.90952219,126.88180808,0.7324,38
2024-12-06T17:00:00Z,2024-12-09T07:00:00Z,99004.06000000,99044.64000000,0.1761881094,13.95753040,-6.80781693,-0.0390,62
2024-12-11T15:00:00Z,2024-12-18T08:00:00Z,99515.99000000,104250.75000000,0.1752133808,14.28106377,815.31224325,4.6740,161
2024-12-24T17:00:00Z,2024-12-26T13:00:00Z,98496.23000000,95680.71000000,0.1853017045,14.39252718,-536.11318216,-2.9362,44
2024-12-31T15:00:00Z,2025-01-01T08:00:00Z,95679.17000000,93684.11000000,0.1851565025,14.02473705,-383.42306896,-2.1635,17
2025-01-01T16:00:00Z,2025-01-07T19:00:00Z,94432.94000000,96750.86000000,0.1835413651,14.03605426,411.39814678,2.3726,147
2025-01-11T23:00:00Z,2025-01-12T09:00:00Z,94593.80000000,94170.01000000,0.1875766104,14.16307026,-93.65616200,-0.5276,10
2025-01-12T16:00:00Z,2025-01-13T06:00:00Z,95071.91000000,94181.37000000,0.1856485860,14.05384153,-179.38133329,-1.0159,14
2025-01-14T05:00:00Z,2025-01-20T02:00:00Z,95119.18000000,100692.82000000,0.1836712222,14.38601175,1009.33125937,5.7750,141
2025-01-20T08:00:00Z,2025-01-21T01:00:00Z,107120.65000000,101187.75000000,0.1725118708,14.37426872,-1037.86994723,-5.6141,17
2025-01-21T19:00:00Z,2025-01-22T22:00:00Z,106861.18000000,104086.95000000,0.1632223112,13.77257652,-466.58880879,-2.6740,27
2025-01-24T07:00:00Z,2025-01-27T00:00:00Z,104991.01000000,102620.01000000,0.1616874295,13.42723686,-396.78813213,-2.3365,65
2025-01-28T18:00:00Z,2025-01-28T19:00:00Z,102572.82000000,102205.78000000,0.1616324582,13.23954740,-72.56512487,-0.4375,1
2025-01-29T11:00:00Z,2025-01-29T15:00:00Z,102547.01000000,102029.94000000,0.1609657945,13.17195651,-96.40253985,-0.5838,4
2025-01-29T19:00:00Z,2025-01-31T21:00:00Z,102854.14000000,101680.02000000,0.1595482393,13.05322604,-200.38200474,-1.2206,50
2025-02-04T00:00:00Z,2025-02-04T22:00:00Z,101328.51000000,96514.47000000,0.1599736842,12.65986816,-782.77958265,-4.8271,22
2025-02-07T15:00:00Z,2025-02-07T20:00:00Z,99710.91000000,96898.56000000,0.1547215692,12.16789029,-447.29909536,-2.8982,5
2025-02-10T09:00:00Z,2025-02-11T19:00:00Z,97684.00000000,95469.28000000,0.1533547788,11.84839141,-351.48628710,-2.3454,34
2025-02-12T23:00:00Z,2025-02-13T10:00:00Z,97806.57000000,96262.24000000,0.1495703455,11.61077558,-242.59674718,-1.6577,11
2025-02-14T08:00:00Z,2025-02-16T15:00:00Z,96944.09000000,96969.58000000,0.1483995849,11.51068325,-7.72797784,-0.0537,55
2025-02-19T17:00:00Z,2025-02-21T22:00:00Z,96300.00000000,95395.03000000,0.1493119193,11.44894114,-146.57174874,-1.0190,53
2025-03-01T09:00:00Z,2025-03-04T00:00:00Z,85303.37000000,86221.16000000,0.1668424669,11.44703029,141.67931740,0.9951,63
2025-03-05T10:00:00Z,2025-03-07T03:00:00Z,88469.00000000,87235.01000000,0.1624732658,11.41888173,-211.90926700,-1.4737,41
2025-03-12T00:00:00Z,2025-03-13T17:00:00Z,82932.99000000,80876.36000000,0.1707646476,11.18913837,-362.38883566,-2.5579,41
2025-03-14T12:00:00Z,2025-03-16T15:00:00Z,83253.15000000,83373.15000000,0.1657568378,11.04777943,8.84304110,0.0641,51
2025-03-17T19:00:00Z,2025-03-18T05:00:00Z,84496.57000000,82989.11000000,0.1634222358,10.94835371,-257.30083722,-1.8626,10
2025-03-19T12:00:00Z,2025-03-21T10:00:00Z,83881.40000000,84137.99000000,0.1615545332,10.85771765,30.59556003,0.2257,46
2025-03-23T12:00:00Z,2025-03-26T23:00:00Z,84680.00000000,86829.48000000,0.1603921085,11.00350685,333.75612262,2.4564,83
2025-03-27T02:00:00Z,2025-03-27T14:00:00Z,87378.88000000,86383.82000000,0.1592561775,11.06911336,-169.53856536,-1.2178,12
2025-03-27T23:00:00Z,2025-03-28T04:00:00Z,87350.70000000,86787.17000000,0.1573674355,10.96145201,-99.64272294,-0.7246,5
2025-04-01T08:00:00Z,2025-04-03T06:00:00Z,83445.50000000,83343.75000000,0.1635385104,10.91058620,-27.55062962,-0.2018,46
2025-04-04T21:00:00Z,2025-04-05T15:00:00Z,84164.02000000,82914.67000000,0.1618151456,10.81434502,-212.97809720,-1.5632,18
2025-04-09T20:00:00Z,2025-04-16T00:00:00Z,82332.08000000,83643.99000000,0.1628298497,10.81034341,202.80776471,1.5122,148
2025-04-17T10:00:00Z,2025-04-20T12:00:00Z,84477.30000000,84129.82000000,0.1610947188,10.86468663,-66.84187951,-0.4910,74
2025-04-21T01:00:00Z,2025-04-27T17:00:00Z,86625.69000000,93881.82000000,0.1563281254,11.28736027,1123.04984060,8.2898,160
2025-04-27T19:00:00Z,2025-04-28T00:00:00Z,94287.28000000,93749.29000000,0.1555313986,11.69823629,-95.37257345,-0.6501,5
2025-04-28T08:00:00Z,2025-04-30T15:00:00Z,94692.49000000,93705.04000000,0.1538590663,11.59466722,-163.52280220,-1.1219,55
2025-05-01T06:00:00Z,2025-05-04T00:00:00Z,95147.97000000,95856.42000000,0.1514046035,11.56757758,95.69501379,0.6640,66
2025-05-07T00:00:00Z,2025-05-12T18:00:00Z,96834.02000000,102556.20000000,0.1497562264,11.94397077,844.98811299,5.8246,138
2025-05-13T18:00:00Z,2025-05-15T02:00:00Z,104268.17000000,103033.51000000,0.1471796012,12.20423144,-193.92099785,-1.2631,32
2025-05-16T02:00:00Z,2025-05-17T10:00:00Z,104047.60000000,102896.59000000,0.1456285798,12.05479539,-179.67474701,-1.1853,32
2025-05-18T08:00:00Z,2025-05-19T10:00:00Z,103919.39000000,103061.62000000,0.1440799577,11.92872606,-135.51619135,-0.9047,26
2025-05-19T17:00:00Z,2025-05-23T22:00:00Z,105356.43000000,108282.89000000,0.1408289869,12.03464360,400.09575354,2.6955,101
2025-05-26T04:00:00Z,2025-05-28T07:00:00Z,109623.54000000,108727.28000000,0.1389954665,12.13990964,-136.71598647,-0.8969,51
2025-06-01T23:00:00Z,2025-06-02T13:00:00Z,105512.17000000,104200.32000000,0.1431163226,12.00531215,-199.75245999,-1.3223,14
2025-06-03T00:00:00Z,2025-06-04T19:00:00Z,105858.00000000,104951.54000000,0.1407625420,11.86963469,-139.46524852,-0.9356,43
2025-06-06T22:00:00Z,2025-06-12T05:00:00Z,104386.29000000,107765.13000000,0.1414115943,12.00026821,465.80688291,3.1543,127
2025-06-16T04:00:00Z,2025-06-17T15:00:00Z,105921.85000000,104847.33000000,0.1437574242,12.11985377,-166.59008121,-1.0936,35
2025-06-20T10:00:00Z,2025-06-20T18:00:00Z,105940.57000000,103279.26000000,0.1421601644,11.89709017,-390.22935734,-2.5900,8
2025-06-23T21:00:00Z,2025-06-30T22:00:00Z,103740.00000000,107130.80000000,0.1414156114,11.92816924,467.58388574,3.1860,169
2025-07-02T14:00:00Z,2025-07-04T17:00:00Z,107768.21000000,107636.99000000,0.1404667708,12.10290914,-30.53495880,-0.2016,51
2025-07-06T16:00:00Z,2025-07-07T19:00:00Z,108906.00000000,108024.53000000,0.1387189843,12.03695311,-134.31357616,-0.8887,27
2025-07-08T14:00:00Z,2025-07-15T07:00:00Z,109034.60000000,117070.54000000,0.1373240222,12.41986690,1091.10773576,7.2842,161
2025-07-16T15:00:00Z,2025-07-17T13:00:00Z,119056.81000000,117867.08000000,0.1349250101,12.78678330,-173.31111559,-1.0785,22
2025-07-17T15:00:00Z,2025-07-18T18:00:00Z,118770.94000000,117600.01000000,0.1337911401,12.64973556,-169.30979525,-1.0651,27
2025-07-21T07:00:00Z,2025-07-21T19:00:00Z,119169.26000000,117162.28000000,0.1319237644,12.47109856,-277.23945518,-1.7628,12
2025-07-22T13:00:00Z,2025-07-23T17:00:00Z,119293.70000000,117712.53000000,0.1294630712,12.27342177,-216.97654601,-1.4044,28
2025-07-24T01:00:00Z,2025-07-24T06:00:00Z,119060.01000000,117604.54000000,0.1278954956,12.10733196,-198.25538892,-1.3015,5
2025-07-24T15:00:00Z,2025-07-25T02:00:00Z,119057.12000000,117359.27000000,0.1262340536,11.93751970,-226.26400756,-1.5049,11
2025-07-26T13:00:00Z,2025-07-28T22:00:00Z,117914.16000000,118106.89000000,0.1255395393,11.85198956,12.34324586,0.0834,57
2025-07-29T07:00:00Z,2025-07-29T16:00:00Z,118764.86000000,117400.02000000,0.1247442016,11.78407976,-182.03995585,-1.2282,9
2025-07-31T07:00:00Z,2025-07-31T20:00:00Z,118691.79000000,116785.78000000,0.1232878910,11.61261319,-246.60056631,-1.6845,13
2025-08-04T02:00:00Z,2025-08-05T15:00:00Z,114671.96000000,113037.12000000,0.1254601256,11.42736391,-216.53459562,-1.5045,37
2025-08-06T16:00:00Z,2025-08-12T12:00:00Z,115413.87000000,118522.22000000,0.1227782284,11.48890347,370.14880263,2.6111,140
2025-08-12T15:00:00Z,2025-08-14T17:00:00Z,119437.12000000,117866.42000000,0.1217403039,11.55576203,-202.77325740,-1.3940,50
2025-08-22T17:00:00Z,2025-08-24T15:00:00Z,116146.48000000,114514.05000000,0.1234442844,11.38948962,-212.90364279,-1.4843,46
2025-08-27T18:00:00Z,2025-08-29T07:00:00Z,112345.30000000,111279.45000000,0.1257266712,11.24623816,-145.25201065,-1.0279,37
2025-09-02T02:00:00Z,2025-09-04T16:00:00Z,109313.00000000,109510.32000000,0.1278860397,11.19377912,14.04069424,0.1004,62
2025-09-05T05:00:00Z,2025-09-06T06:00:00Z,111445.00000000,110714.00000000,0.1255654515,11.15819805,-102.94654308,-0.7354,25
2025-09-07T14:00:00Z,2025-09-10T00:00:00Z,111214.63000000,111546.38000000,0.1249002614,11.12916335,30.30649837,0.2181,58
2025-09-10T09:00:00Z,2025-09-15T04:00:00Z,112370.07000000,115445.46000000,0.1238855750,11.28922317,369.70723545,2.6547,115
2025-09-15T05:00:00Z,2025-09-15T10:00:00Z,116058.01000000,114868.60000000,0.1231331655,11.37388979,-157.82970815,-1.1040,5
2025-09-16T09:00:00Z,2025-09-16T14:00:00Z,115658.76000000,115200.00000000,0.1221941472,11.28383572,-67.34162271,-0.4763,5
2025-09-16T16:00:00Z,2025-09-19T15:00:00Z,115905.88000000,115899.99000000,0.1213528499,11.25212117,-11.96688946,-0.0850,71
2025-09-24T19:00:00Z,2025-09-25T05:00:00Z,113639.80000000,111735.67000000,0.1236674717,11.14864582,-246.62758867,-1.7542,10
2025-09-28T19:00:00Z,2025-10-07T17:00:00Z,110293.56000000,121684.17000000,0.1251842607,11.61598425,1414.30910775,10.2393,214
2025-10-13T03:00:00Z,2025-10-14T06:00:00Z,115319.98000000,112493.10000000,0.1319872010,12.02736431,-385.13934311,-2.5293,27
2025-10-19T16:00:00Z,2025-10-21T10:00:00Z,108486.71000000,107754.27000000,0.1367520135,11.82855577,-111.99120055,-0.7546,42
2025-10-21T15:00:00Z,2025-10-22T04:00:00Z,112170.52000000,108216.03000000,0.1312629166,11.57143253,-530.64932354,-3.6026,13
2025-10-23T12:00:00Z,2025-10-29T01:00:00Z,109253.88000000,112442.87000000,0.1299120220,11.52042922,402.76770979,2.8366,133
2025-11-01T17:00:00Z,2025-11-03T02:00:00Z,110464.33000000,109665.50000000,0.1321331431,11.63457854,-117.18649728,-0.8025,33
2025-11-08T02:00:00Z,2025-11-08T12:00:00Z,102996.85000000,101857.10000000,0.1405757505,11.51899911,-171.74021073,-1.1857,10
2025-11-09T16:00:00Z,2025-11-11T18:00:00Z,103762.18000000,103338.99000000,0.1378844194,11.42240983,-69.77371728,-0.4875,50
2025-11-23T12:00:00Z,2025-11-26T15:00:00Z,86331.28000000,86899.72000000,0.1649163794,11.42745173,82.31761498,0.5779,75
2025-11-26T17:00:00Z,2025-12-01T01:00:00Z,87820.02000000,87000.00000000,0.1630576585,11.40229725,-145.11283834,-1.0130,104
2025-12-02T18:00:00Z,2025-12-05T12:00:00Z,91458.40000000,91351.44000000,0.1549849113,11.33310673,-27.91029285,-0.1968,66
2025-12-07T21:00:00Z,2025-12-09T06:00:00Z,91439.05000000,89899.35000000,0.1547125968,11.22213391,-249.43311925,-1.7625,33
2025-12-09T16:00:00Z,2025-12-11T04:00:00Z,92707.50000000,89880.00000000,0.1499063128,10.94840755,-434.80850693,-3.1274,36
2025-12-12T02:00:00Z,2025-12-12T19:00:00Z,92170.00000000,90372.00000000,0.1460649326,10.66519397,-273.28994280,-2.0292,17
2025-12-18T15:00:00Z,2025-12-18T20:00:00Z,88345.19000000,84483.80000000,0.1492964605,10.32110259,-586.81296215,-4.4473,5
2025-12-19T10:00:00Z,2025-12-23T06:00:00Z,88105.03000000,87765.01000000,0.1430457017,10.06298131,-58.70138079,-0.4656,92
2025-12-25T16:00:00Z,2025-12-26T02:00:00Z,88371.27000000,87432.26000000,0.1419507486,9.98217707,-143.27534948,-1.1417,10
2025-12-26T03:00:00Z,2025-12-26T20:00:00Z,89200.00000000,87501.83000000,0.1390263438,9.82648375,-245.91684997,-1.9822,17
2025-12-28T11:00:00Z,2025-12-28T21:00:00Z,87856.91000000,87514.75000000,0.1383537316,9.70532943,-57.04444222,-0.4691,10
2025-12-28T23:00:00Z,2025-12-29T20:00:00Z,87900.09000000,87366.23000000,0.1376370571,9.64925620,-83.12817552,-0.6868,21
2025-12-30T16:00:00Z,2025-12-31T21:00:00Z,89016.36000000,87662.01000000,0.1349776016,9.53904905,-192.34596371,-1.6002,29
